http://10306.str.se/util/login.aspx,"CMS 6"
http://14974.str.se/util/login.aspx,"CMS 6"
http://15757.str.se/util/login.aspx,"CMS 6"
http://www.1881.no/util/login.aspx,"Not EPiServer"
http://28dejulio.se/util/login.aspx,"Not EPiServer"
http://4tech.no/util/login.aspx,"CMS 4"
http://6thgearheliadventures.co.uk/util/login.aspx,"Not EPiServer"
http://6thgearheliadventures.com/util/login.aspx,"Not EPiServer"
http://72t72q.com/util/login.aspx,"Not EPiServer"
http://www.aaahc.org/util/login.aspx,"CMS 6"
http://aahhs.org/util/login.aspx,"CMS 5"
http://aak.com/util/login.aspx,"CMS 6"
http://aak.se/util/login.aspx,"CMS 6"
http://aal.kommune.no/util/login.aspx,"CMS 6"
http://aarhusvand.dk/util/login.aspx,"CMS 5"
http://www.abbv.no/util/login.aspx,"CMS 6"
http://abgsc.com/util/login.aspx,"CMS 6"
http://abudhabimed.com/util/login.aspx,"CMS 5"
http://acceptcard.dk/util/login.aspx,"CMS 6"
http://acta.no/util/login.aspx,"Check this manualy (302)"
http://acta.se/util/login.aspx,"Check this manualy (302)"
http://acusto.no/util/login.aspx,"CMS 6"
http://www.adagetechnologies.com/util/login.aspx,"CMS 6"
http://addmind.se/util/login.aspx,"Check this manualy (302)"
http://www.addpro.se/util/login.aspx,"CMS 6"
http://adihex.net/util/login.aspx,"CMS 5"
http://administration.com.au/util/login.aspx,"CMS 5"
http://www.aegonmarketing.com/util/login.aspx,"CMS 6"
http://advania.se/util/login.aspx,"CMS 6"
http://www.advokatbladet.no/util/login.aspx,"CMS 6"
http://www.aeg.be/util/login.aspx,"CMS 6"
http://www.aeg.co.uk/util/login.aspx,"CMS 6"
http://www.aeg-electrolux.cz/util/login.aspx,"CMS 6"
http://www.aeg.de/util/login.aspx,"CMS 6"
http://www.aeg-electrolux.dk/util/login.aspx,"CMS 6"
http://www.aeg.com.es/util/login.aspx,"CMS 6"
http://aeg-electrolux.fr/util/login.aspx,"Check this manualy (302)"
http://www.aeg-electrolux.gr/util/login.aspx,"CMS 6"
http://www.aeg-electrolux.hu/util/login.aspx,"CMS 6"
http://www.aeg-electrolux.it/util/login.aspx,"CMS 6"
http://www.aeg.nl/util/login.aspx,"CMS 6"
http://www.aeg-electrolux.no/util/login.aspx,"CMS 6"
http://www.aeg-electrolux.sk/util/login.aspx,"CMS 6"
http://www.electrolux.com/util/login.aspx,"Not EPiServer"
http://www.aeg.at/util/login.aspx,"CMS 6"
http://www.aeg.be/util/login.aspx,"CMS 6"
http://www.aeg.co.uk/util/login.aspx,"CMS 6"
http://www.aeg.com.es/util/login.aspx,"CMS 6"
http://www.aeg.com.pt/util/login.aspx,"CMS 6"
http://www.aeg.de/util/login.aspx,"CMS 6"
http://www.aeg.fi/util/login.aspx,"CMS 6"
http://www.aeg.fr/util/login.aspx,"CMS 6"
http://www.aeg.lt/util/login.aspx,"CMS 6"
http://www.aeg.lu/util/login.aspx,"CMS 6"
http://www.aeg.nl/util/login.aspx,"CMS 6"
http://www.aeg.pl/util/login.aspx,"CMS 6"
http://www.aeg.ru/util/login.aspx,"CMS 6"
http://www.aeg.se/util/login.aspx,"CMS 6"
http://www.aegaustralia.com.au/util/login.aspx,"CMS 6"
http://www.aegon.com/util/login.aspx,"CMS 6"
http://www.aegon.cz/util/login.aspx,"CMS 6"
http://www.aegon.es/util/login.aspx,"CMS 6"
http://www.aegon.pl/util/login.aspx,"CMS 6"
http://www.aegonmarketing.com/util/login.aspx,"CMS 6"
http://aerostructure.eu/util/login.aspx,"CMS 5"
http://aerostructures.eu/util/login.aspx,"CMS 5"
http://aerotech-inc.com/util/login.aspx,"CMS 6"
http://www.afb.se/util/login.aspx,"CMS 6"
http://www.afgruppen.com/util/login.aspx,"CMS 6"
http://www.afgruppen.no/util/login.aspx,"CMS 6"
http://www.afgruppen.se/util/login.aspx,"CMS 6"
http://africaelectricity.com/util/login.aspx,"CMS 5"
http://africahealthexhibition.com/util/login.aspx,"CMS 5"
http://agramiddleeast.com/util/login.aspx,"CMS 5"
http://agrenska.com/util/login.aspx,"CMS 5"
http://agrenska.se/util/login.aspx,"CMS 5"
http://agroetanol.se/util/login.aspx,"CMS 6"
http://ahadata.com/util/login.aspx,"Check this manualy (302)"
http://www.ahadataviewer.com/util/login.aspx,"CMS 6"
http://ahadataviewer.org/util/login.aspx,"CMS 6"
http://ahahealthcaredataviewer.com/util/login.aspx,"Check this manualy (302)"
http://ahahealthcaredataviewer.org/util/login.aspx,"CMS 6"
http://ahlmark-lines.se/util/login.aspx,"CMS 6"
http://ahlsell.dk/util/login.aspx,"CMS 4"
http://ahlsell.fi/util/login.aspx,"CMS 4"
http://ahlsell.no/util/login.aspx,"CMS 4"
http://ahlsell.se/util/login.aspx,"CMS 4"
http://ahlsellmaskin.se/util/login.aspx,"CMS 4"
http://ahmansontheater.org/util/login.aspx,"Check this manualy (302)"
http://aho.no/util/login.aspx,"CMS 6"
http://aircombat.se/util/login.aspx,"CMS 6"
http://akademiska.se/util/login.aspx,"Check this manualy (302)"
http://akadvantage.com/util/login.aspx,"CMS 6"
http://aker-advantage.com/util/login.aspx,"CMS 6"
http://akersolutions.com/util/login.aspx,"CMS 6"
http://aktadesign.si/util/login.aspx,"Not EPiServer"
http://alaincareerfair.com/util/login.aspx,"CMS 5"
http://www.alcro-beckers.com/util/login.aspx,"CMS 5"
http://www.alcro.se/util/login.aspx,"CMS 6"
http://www.alerisinfo.se/util/login.aspx,"CMS 5"
http://www.alltihemmet.se,"CMS 5"
http://alltomdinatander.se/util/login.aspx,"CMS 5"
http://www.alltomfritidshus.se/,"CMS 5"
http://www.alltommat.se:80/util/loginaspx,"Not EPiServer"
http://alma.se/util/login.aspx,"CMS 5"
http://almhultsgk.se/util/login.aspx,"CMS 5"
http://alphington.vic.edu.au/util/login.aspx,"CMS 6"
https://www.altinn.no/util/login.aspx,"Check this manualy (302)"
http://www.hydro.com/pt/aluminio/a-hydro-no-brasil/,"CMS 5"
http://alvdalen.se/util/login.aspx,"CMS 6"
http://amesto.com/util/login.aspx,"CMS 6"
http://amesto.dk/util/login.aspx,"CMS 6"
http://amesto.no/util/login.aspx,"CMS 6"
http://amesto.se/util/login.aspx,"CMS 6"
http://www.amfi.no/util/login.aspx,"CMS 6"
http://amisol.dk/util/login.aspx,"Check this manualy (302)"
http://amisol.no/util/login.aspx,"Check this manualy (302)"
http://anafrank.biz/util/login.aspx,"CMS 6"
http://anafrank.net/util/login.aspx,"CMS 6"
http://anafrank.org/util/login.aspx,"CMS 6"
http://animalia.no/util/login.aspx,"CMS 6"
http://anja.no/util/login.aspx,"CMS 5"
http://annalindhbiblioteket.se/util/login.aspx,"Check this manualy (302)"
http://anne-frank-schule.de/util/login.aspx,"CMS 6"
http://anne-frank.com/util/login.aspx,"CMS 6"
http://anne-frank.org/util/login.aspx,"CMS 6"
http://annefrank.com.es/util/login.aspx,"CMS 6"
http://annefrank.es/util/login.aspx,"CMS 6"
http://annefrank.in/util/login.aspx,"CMS 6"
http://annefrank.org/util/login.aspx,"CMS 6"
http://annefrank.sk/util/login.aspx,"CMS 6"
http://annefrankboom.info/util/login.aspx,"CMS 6"
http://annefrankdagboek.eu/util/login.aspx,"CMS 6"
http://annefrankdagboeken.com/util/login.aspx,"CMS 6"
http://annefrankdagboeken.eu/util/login.aspx,"CMS 6"
http://annefrankdagboeken.org/util/login.aspx,"CMS 6"
http://annefrankdiaries.com/util/login.aspx,"CMS 6"
http://annefrankdiaries.eu/util/login.aspx,"CMS 6"
http://annefrankdiaries.org/util/login.aspx,"CMS 6"
http://annefrankdiary.eu/util/login.aspx,"CMS 6"
http://annefrankguide.com/util/login.aspx,"Not EPiServer"
http://annefrankguide.eu/util/login.aspx,"Not EPiServer"
http://annefrankguide.nl/util/login.aspx,"Not EPiServer"
http://annefrankhouse.net/util/login.aspx,"CMS 6"
http://annefrankhouse.org/util/login.aspx,"CMS 6"
http://annefrankhuis.eu/util/login.aspx,"CMS 6"
http://annefrankhuis.net/util/login.aspx,"CMS 6"
http://annefrankhuis.nl/util/login.aspx,"CMS 6"
http://annefrankhuis.org/util/login.aspx,"CMS 6"
http://annefrankmanuscript.com/util/login.aspx,"CMS 6"
http://annefrankmanuscript.eu/util/login.aspx,"CMS 6"
http://annefrankmanuscript.org/util/login.aspx,"CMS 6"
http://annefrankmanuscripts.com/util/login.aspx,"CMS 6"
http://annefrankmanuscripts.eu/util/login.aspx,"CMS 6"
http://annefrankmanuscripts.org/util/login.aspx,"CMS 6"
http://www.annefrank.org/annefrankboom,"CMS 5"
http://antiagingme.com/util/login.aspx,"CMS 5"
http://antonson.com/util/login.aspx,"CMS 6"
http://antonson.se/util/login.aspx,"CMS 6"
http://apilanlehti.fi/util/login.aspx,"CMS 4"
http://aqualisa.co.uk/util/login.aspx,"CMS 4"
http://arabhealthonline.com/util/login.aspx,"CMS 5"
http://arbetsmiljoupplysningen.se/util/login.aspx,"CMS 6"
http://www.arctandria.net/util/login.aspx,"CMS 4"
http://are360.com/util/login.aspx,"Check this manualy (302)"
http://ares.com.au/util/login.aspx,"CMS 5"
http://ariatools.com/util/login.aspx,"Not EPiServer"
http://ariatools.net/util/login.aspx,"Not EPiServer"
http://arks.se/util/login.aspx,"Not EPiServer"
http://www.swedavia.com/arlanda,"Check this manualy (302)"
http://arlanda-flygplats.net/util/login.aspx,"CMS 6"
http://arlanda.org/util/login.aspx,"Check this manualy (302)"
http://www.swedavia.se/arlanda,"Check this manualy (302)"
http://artechinfo.in/util/login.aspx,"Not EPiServer"
http://arvidsjaur.com/util/login.aspx,"CMS 6"
http://arvidsjaur.se/util/login.aspx,"CMS 6"
http://www.ask-act.com/util/login.aspx,"CMS 6"
http://www.asker.kommune.no/util/login.aspx,"CMS 6"
http://askerbibliotek.no/util/login.aspx,"Not EPiServer"
http://aspiro.com/util/login.aspx,"Check this manualy (302)"
http://www.humana.se/util/login.aspx,"CMS 6"
http://asthmawa.org.au/util/login.aspx,"CMS 5"
http://www.atea.com/util/login.aspx,"CMS 6"
http://www.atea.no/util/login.aspx,"CMS 6"
http://www.atelierrestylane.se/util/login.aspx,"CMS 6"
http://www.atlantica.no/util/login.aspx,"CMS 6"
http://atlantica.se/util/login.aspx,"CMS 6"
http://www.sibyllashopinshop.com,"Check this manualy (302)"
http://attendo.com/util/login.aspx,"CMS 5"
http://www.attendo.com/util/login.aspx,"CMS 5"
http://atteviks.se/util/login.aspx,"CMS 6"
http://www.austagderfk.no/util/login.aspx,"CMS 6"
http://avesta.se/util/login.aspx,"CMS 5"
http://avtalegiro.no/util/login.aspx,"Not EPiServer"
http://axelhed.com/util/login.aspx,"CMS 6"
http://axfood.se/util/login.aspx,"CMS 5"
http://axindustries.se/util/login.aspx,"CMS 6"
http://axload.com/util/login.aspx,"Check this manualy (302)"
http://baerum.kommune.no/util/login.aspx,"Check this manualy (302)"
http://www.balanselanet.no/util/login.aspx,"CMS 6"
http://balticlink.eu/util/login.aspx,"CMS 6"
http://bamble.kommune.no/util/login.aspx,"CMS 6"
http://bankgirot.se/util/login.aspx,"CMS 4"
http://bankid.com/util/login.aspx,"CMS 5"
http://www.bankid.no/util/login.aspx,"Check this manualy (302)"
http://www.trafikverket.se/notfound,"Not EPiServer"
http://barncancerfonden.se/util/login.aspx,"CMS 6"
http://www.barnevernet.no/util/login.aspx,"CMS 6"
https://www.basefarm.com/util/login.aspx,"CMS 5"
https://www.basefarm.com/util/login.aspx,"CMS 5"
http://basket.se/util/login.aspx,"Check this manualy (302)"
http://batteryconductance.com/util/login.aspx,"CMS 6"
http://battrebolan.se/util/login.aspx,"CMS 6"
http://www.bayeramplify.com.au/util/login.aspx,"CMS 6"
http://www.bayerdiabetes.dk/util/login.aspx,"CMS 6"
http://www.bayerdiabetes.fi/util/login.aspx,"CMS 6"
http://www.bayerdiabetes.no,"CMS 5"
http://www.bayerdiabetes.se,"CMS 5"
http://bberntsen.no/util/login.aspx,"CMS 6"
http://bbs.dk/util/login.aspx,"Not EPiServer"
http://bdo.episerverhotell.net/util/login.aspx,"CMS 5"
http://bdo.no/util/login.aspx,"CMS 5"
http://bdonoraudit.no/util/login.aspx,"CMS 5"
http://be.no/util/login.aspx,"Check this manualy (302)"
http://becro.org/util/login.aspx,"Not EPiServer"
http://beeflambnz.com/util/login.aspx,"CMS 6"
http://www.begroup.com/util/login.aspx,"CMS 6"
http://www.begroup.com/sv/BE-Group-sverige/util/login.aspx,"Not EPiServer"
http://beijerbygg.se/util/login.aspx,"CMS 4"
http://www.bergvikskog.se/util/login.aspx,"Not EPiServer"
http://besam.com.cn/util/login.aspx,"CMS 4"
http://besam.info/util/login.aspx,"CMS 4"
http://besam.org/util/login.aspx,"CMS 4"
http://beta.innovasjonnorge.no/util/login.aspx,"CMS 5"
http://betalingsterminal.no/util/login.aspx,"Not EPiServer"
http://betssonab.com/util/login.aspx,"CMS 5"
http://beyondbeautyarabia.com/util/login.aspx,"CMS 5"
http://bfk.no/util/login.aspx,"CMS 6"
http://www.bgc.se/util/login.aspx,"CMS 4"
http://bhssc.vic.edu.au/util/login.aspx,"CMS 6"
http://bigambition.co.uk/util/login.aspx,"Check this manualy (302)"
http://bilfrakt.biz/util/login.aspx,"CMS 6"
http://bilfrakt.com/util/login.aspx,"CMS 6"
http://bilfrakt.eu/util/login.aspx,"CMS 6"
http://bilfrakt.net/util/login.aspx,"CMS 6"
http://bilfrakt.org/util/login.aspx,"CMS 6"
http://bilfrakt.se/util/login.aspx,"CMS 6"
http://bilproffs.se/util/login.aspx,"Not EPiServer"
http://biltema.dk/util/login.aspx,"CMS 5"
http://biltema.fi/util/login.aspx,"CMS 5"
http://biltema.no/util/login.aspx,"CMS 5"
http://biltema.se/util/login.aspx,"CMS 5"
http://www.bimba.com/util/login.aspx,"CMS 6"
http://bink.se/util/login.aspx,"CMS 6"
http://www.biokapital.no/util/login.aspx,"CMS 6"
http://biomar-group.com/util/login.aspx,"CMS 6"
http://biomar-group.eu/util/login.aspx,"CMS 6"
http://www.biomar.at/util/login.aspx,"CMS 6"
http://biomar.com/util/login.aspx,"CMS 6"
http://biomargroup.com/util/login.aspx,"CMS 6"
http://biomargroup.eu/util/login.aspx,"CMS 6"
http://birkenes.kommune.no/util/login.aspx,"CMS 6"
http://birsta.eu/util/login.aspx,"CMS 6"
http://birstaverken.com/util/login.aspx,"CMS 6"
http://bjerke.no/util/login.aspx,"Check this manualy (302)"
http://bjerkedyrehospital.no/util/login.aspx,"Check this manualy (302)"
http://bjerking.se/util/login.aspx,"CMS 5"
http://bluedome.net/util/login.aspx,"Check this manualy (302)"
http://bmgk.no/util/login.aspx,"CMS 5"
http://bnearit.se/util/login.aspx,"CMS 5"
http://bofors.biz/util/login.aspx,"CMS 5"
http://bokatag.se/util/login.aspx,"CMS 4"
http://www.bona.com/util/login.aspx,"CMS 6"
http://bonapro.com/util/login.aspx,"Check this manualy (302)"
http://bonniergroupagency.se/util/login.aspx,"CMS 6"
http://www.sanomautbildning.se/util/login.aspx,"CMS 6"
http://boosteff.com/util/login.aspx,"CMS 6"
http://boosteff.eu/util/login.aspx,"CMS 6"
http://borlange.se/util/login.aspx,"CMS 4"
http://www.boson.nu/util/login.aspx,"CMS 6"
http://bostadsbolaget.se/util/login.aspx,"Check this manualy (302)"
http://www.bostontheatrescene.com/util/login.aspx,"CMS 6"
http://boundaries.wa.gov.au/util/login.aspx,"CMS 4"
http://boverket.se/util/login.aspx,"Check this manualy (302)"
http://www.boxer.se/util/login.aspx,"CMS 6"
http://www.boxertv.dk/util/login.aspx,"CMS 6"
http://brand.parttwo.com/util/login.aspx,"CMS 6"
http://brandfacket.se/util/login.aspx,"Not EPiServer"
http://branobelhistory.com/util/login.aspx,"CMS 6"
http://www.bravotours.dk/util/login.aspx,"CMS 6"
http://bringitonni.info/util/login.aspx,"CMS 6"
http://briomera.com/util/login.aspx,"CMS 6"
http://briomera.net/util/login.aspx,"CMS 6"
http://briomera.se/util/login.aspx,"CMS 6"
http://broderskap.se/util/login.aspx,"Not EPiServer"
http://www.brollopsmagasinet.se/util/login.aspx,"CMS 6"
http://bromangymnasiet.se/util/login.aspx,"CMS 6"
http://www.swedavia.se/bromma,"Check this manualy (302)"
http://bromolla.se/util/login.aspx,"CMS 5"
http://bruks.com/util/login.aspx,"CMS 5"
http://brukshundklubben.se/util/login.aspx,"CMS 6"
http://bruynzeel-export.com/util/login.aspx,"CMS 6"
http://bruynzeel-storage.com/util/login.aspx,"CMS 6"
http://bruynzeel-storage.nl/util/login.aspx,"CMS 6"
http://bruynzeel.at/util/login.aspx,"CMS 6"
http://bruynzeel.co.uk/util/login.aspx,"CMS 6"
http://bruynzeel.de/util/login.aspx,"CMS 6"
http://bruynzeel.fr/util/login.aspx,"CMS 6"
http://bryksy.eu/util/login.aspx,"CMS 5"
http://bryksy.pl/util/login.aspx,"CMS 5"
http://www.bryllupsmagasinet.dk/util/login.aspx,"CMS 6"
http://www.bryllupsmagasinet.no/util/login.aspx,"CMS 6"
http://brynas.se/util/login.aspx,"CMS 5"
http://www.insight.bt.com/en/eventsutil/login.aspx,"Not EPiServer"
http://www8.idrottonline.se/budokwaistockholm-karate,"CMS 5"
http://www.bufetat.no/util/login.aspx,"CMS 6"
http://businessitguide.com/util/login.aspx,"Not EPiServer"
http://bvnetwork.com/util/login.aspx,"CMS 5"
http://www.bvnetwork.no/util/login.aspx,"CMS 5"
http://www.byggbeslag.se/util/login.aspx,"CMS 6"
http://bymisjon.no/util/login.aspx,"CMS 5"
http://c-k.no/util/login.aspx,"CMS 6"
http://cabby.se/util/login.aspx,"CMS 6"
http://www.cad-q.com/util/login.aspx,"CMS 6"
http://www.caesarcrm.com/util/login.aspx,"CMS 6"
http://www.caesarcrm.com/sv/util/login.aspx,"Check this manualy (302)"
http://california.legoland.com/util/login.aspx,"CMS 6"
http://callcenter.com.au/util/login.aspx,"CMS 5"
https://www.norwegianreward.com/talkmore,"CMS 5"
http://camfil-kauppa.camfilfarr.net/util/login.aspx,"Check this manualy (302)"
http://camillalackberg.se/util/login.aspx,"CMS 6"
http://camping.se/util/login.aspx,"CMS 6"
http://campushultsfred.se/util/login.aspx,"CMS 4"
http://can.se/util/login.aspx,"CMS 6"
http://canarywharf.co.uk/util/login.aspx,"CMS 5"
http://canarywharf.com/util/login.aspx,"CMS 5"
http://capiostgoran.se/util/login.aspx,"CMS 5"
http://cargocaire.com/util/login.aspx,"CMS 6"
http://cargocaire.net/util/login.aspx,"CMS 6"
http://cargocaire.org/util/login.aspx,"CMS 6"
http://cargonet.no/util/login.aspx,"CMS 6"
http://cashpassport.com/util/login.aspx,"Not EPiServer"
http://casuals.com.au/util/login.aspx,"CMS 5"
http://cdongroup.com/util/login.aspx,"Check this manualy (302)"
http://cds.co.uk/util/login.aspx,"CMS 6"
http://cefor.no/util/login.aspx,"CMS 6"
http://cejn.at/util/login.aspx,"CMS 6"
http://cejn.ca/util/login.aspx,"CMS 6"
http://cejn.co.at/util/login.aspx,"CMS 6"
http://cejn.co.in/util/login.aspx,"CMS 5"
http://cejn.com.au/util/login.aspx,"CMS 6"
http://cejn.com.cn/util/login.aspx,"CMS 6"
http://cejn.com.es/util/login.aspx,"CMS 6"
http://cejn.com.sg/util/login.aspx,"CMS 6"
http://cejn.com/util/login.aspx,"CMS 6"
http://cejn.dk/util/login.aspx,"CMS 6"
http://cejn.es/util/login.aspx,"CMS 6"
http://cejn.eu/util/login.aspx,"CMS 6"
http://cejn.fr/util/login.aspx,"CMS 6"
http://cejn.it/util/login.aspx,"CMS 6"
http://cejn.kr/util/login.aspx,"CMS 6"
http://cejn.se/util/login.aspx,"CMS 6"
http://cejn.us/util/login.aspx,"CMS 6"
http://cejnengineering.com/util/login.aspx,"CMS 6"
http://cejngroup.com/util/login.aspx,"CMS 6"
http://cejnsafety.com/util/login.aspx,"CMS 6"
http://cejnsolutions.com/util/login.aspx,"CMS 6"
http://cejnuk.com/util/login.aspx,"CMS 6"
http://celer-tech.com/util/login.aspx,"Not EPiServer"
http://cellguardsystem.com/util/login.aspx,"CMS 6"
http://centerkongahalla.com/util/login.aspx,"CMS 4"
http://centerkungalv.com/util/login.aspx,"CMS 4"
http://centertheatregroup.org/util/login.aspx,"Check this manualy (302)"
http://cerealiafoodservice.se/util/login.aspx,"Check this manualy (302)"
http://www.thonshopping.se/charlottenberg,"CMS 5"
http://cheapflightsfromdublin.com/util/login.aspx,"Not EPiServer"
http://www.ledarna.se/util/login.aspx,"CMS 6"
http://www.ledarna.se/util/login.aspx,"CMS 6"
http://www.ledarna.se/util/login.aspx,"CMS 6"
http://www.ledarna.se/util/login.aspx,"CMS 6"
http://www.ledarna.se/util/login.aspx,"CMS 6"
http://www.ledarna.se/util/login.aspx,"CMS 6"
http://www.ledarna.se/util/login.aspx,"CMS 6"
http://www.ledarna.se/util/login.aspx,"CMS 6"
http://www.ledarna.se/util/login.aspx,"CMS 6"
http://www.ledarna.se/util/login.aspx,"CMS 6"
http://chicagoprotech.com/util/login.aspx,"CMS 6"
http://chichester.ac.uk/util/login.aspx,"CMS 6"
http://www.circuit.se/util/login.aspx,"CMS 6"
http://cisterna.se/util/login.aspx,"Check this manualy (302)"
http://citizensadvice.co.uk/util/login.aspx,"CMS 5"
http://cityscape.org/util/login.aspx,"CMS 5"
http://cityscapeabudhabi.com/util/login.aspx,"CMS 5"
http://cityscapeasia.com/util/login.aspx,"CMS 5"
http://cityscapeegypt.com/util/login.aspx,"CMS 5"
http://cityscapeglobal.com/util/login.aspx,"CMS 5"
http://cityscapejeddah.com/util/login.aspx,"CMS 5"
http://cityscapeqatar.com/util/login.aspx,"CMS 5"
http://cityscaperiyadh.com/util/login.aspx,"CMS 5"
http://civilekfor.se/util/login.aspx,"CMS 5"
http://clearchannel.se/util/login.aspx,"CMS 4"
http://clearpulse.eu/util/login.aspx,"CMS 6"
http://clearpulse.net/util/login.aspx,"CMS 6"
http://coaxtechnology.com/util/login.aspx,"CMS 6"
http://codingclinicadvisor.org/util/login.aspx,"Check this manualy (302)"
http://combitech.se/util/login.aspx,"CMS 6"
http://combixpress.com/util/login.aspx,"CMS 6"
http://compactus.ch/util/login.aspx,"CMS 6"
http://www.compello.com/util/login.aspx,"CMS 6"
http://complianceguardian.com/util/login.aspx,"Not EPiServer"
http://www.computas.com/util/login.aspx,"CMS 6"
http://www.concordiamaritime.com/util/login.aspx,"CMS 6"
http://constructor-group.co.uk/util/login.aspx,"CMS 6"
http://constructor-group.com/util/login.aspx,"CMS 6"
http://constructor-logistics.com/util/login.aspx,"CMS 6"
http://constructor-storage.com/util/login.aspx,"CMS 6"
http://constructor-storage.ru/util/login.aspx,"CMS 6"
http://constructor.nl/util/login.aspx,"CMS 6"
http://constructor.no/util/login.aspx,"CMS 6"
http://constructor.se/util/login.aspx,"CMS 6"
http://www.cooptravelpersonaladvisors.co.uk//util/login.aspx,"CMS 6"
http://copperfieldcollege.vic.edu.au/util/login.aspx,"CMS 6"
http://corinthia.com/util/login.aspx,"CMS 6"
http://corinthiahotel.com/util/login.aspx,"CMS 6"
http://corinthiahotellondon.co.uk/util/login.aspx,"CMS 6"
http://corinthiahotellondon.com/util/login.aspx,"CMS 6"
http://corinthiaresidenceslondon.com/util/login.aspx,"CMS 6"
http://www.cds.co.uk,"CMS 5"
http://cpim.co.uk/util/login.aspx,"CMS 4"
http://www.cryogenetics.com/util/login.aspx,"CMS 6"
http://curling.se/util/login.aspx,"Not EPiServer"
http://customerservice.net.au/util/login.aspx,"CMS 5"
http://www.cybercom.com/en/,"CMS 5"
http://www.cybercom.com/util/login.aspx,"CMS 5"
http://www.cybercom.com/util/login.aspx,"CMS 5"
http://www.cygate.eu/util/login.aspx,"Not EPiServer"
http://cygategroup.com/util/login.aspx,"CMS 4"
http://www.cygatemaldata.com/util/login.aspx,"Not EPiServer"
http://www.cygateviscom.com/util/login.aspx,"Not EPiServer"
http://cygrids.com/util/login.aspx,"CMS 5"
http://florida.legoland.com/util/login.aspx,"CMS 6"
http://d-ikt.no/util/login.aspx,"Check this manualy (302)"
http://dagensindustri.se/util/login.aspx,"CMS 6"
http://danderyd.se/util/login.aspx,"CMS 6"
http://danielgalvinatcorinthiahotellondon.com/util/login.aspx,"CMS 6"
http://dansenshus.se/util/login.aspx,"CMS 5"
http://danssport.se/util/login.aspx,"Check this manualy (302)"
http://dare-to-be.net/util/login.aspx,"Not EPiServer"
http://dare-to-be.ru/util/login.aspx,"Not EPiServer"
http://www.daslearning.com.au,"CMS 5"
http://ddcf.org/util/login.aspx,"CMS 6"
http://dehumidificationonline.com/util/login.aspx,"CMS 6"
http://delaval-us.com/util/login.aspx,"Not EPiServer"
http://www.delaval.com/,"CMS 5"
http://delaval.ca/util/login.aspx,"Not EPiServer"
http://delaval.ch/util/login.aspx,"Not EPiServer"
http://delaval.cn/util/login.aspx,"Not EPiServer"
http://delaval.co.kr/util/login.aspx,"Not EPiServer"
http://delaval.co.nz/util/login.aspx,"Not EPiServer"
http://delaval.co.uk/util/login.aspx,"Not EPiServer"
http://delaval.co.za/util/login.aspx,"Not EPiServer"
http://delaval.com.ar/util/login.aspx,"Not EPiServer"
http://delaval.com.au/util/login.aspx,"Not EPiServer"
http://delaval.com.br/util/login.aspx,"Not EPiServer"
http://delaval.com.mx/util/login.aspx,"Not EPiServer"
http://www.delaval.com/,"CMS 5"
http://delaval.com.tr/util/login.aspx,"Not EPiServer"
http://www.delaval.com/util/login.aspx,"Not EPiServer"
http://delaval.de/util/login.aspx,"Not EPiServer"
http://delaval.dk/util/login.aspx,"Not EPiServer"
http://delaval.ee/util/login.aspx,"Not EPiServer"
http://delaval.es/util/login.aspx,"Not EPiServer"
http://www.delaval.com/,"CMS 5"
http://delaval.fi/util/login.aspx,"Not EPiServer"
http://delaval.hu/util/login.aspx,"Not EPiServer"
http://delaval.in/util/login.aspx,"Not EPiServer"
http://www.delaval.com/,"CMS 5"
http://delaval.it/util/login.aspx,"Not EPiServer"
http://delaval.jp/util/login.aspx,"Not EPiServer"
http://delaval.lt/util/login.aspx,"Not EPiServer"
http://delaval.lv/util/login.aspx,"Not EPiServer"
http://delaval.nl/util/login.aspx,"Not EPiServer"
http://delaval.no/util/login.aspx,"Not EPiServer"
http://www.delaval.com/,"CMS 5"
http://delaval.pl/util/login.aspx,"Not EPiServer"
http://delaval.ro/util/login.aspx,"Not EPiServer"
http://delaval.ru/util/login.aspx,"Not EPiServer"
http://delaval.se/util/login.aspx,"Not EPiServer"
http://delaval.us/util/login.aspx,"Not EPiServer"
http://delavalcleaningsolutions.com/Error/NotFound.aspx,"Not EPiServer"
http://delavalczech.cz/util/login.aspx,"Not EPiServer"
http://delavalfrance.fr/util/login.aspx,"Not EPiServer"
http://demo.episerver.com/util/login.aspx,"CMS 6"
http://denelsaab.com/util/login.aspx,"CMS 5"
http://desiccant.net/util/login.aspx,"CMS 6"
http://desiccantwheels.com/util/login.aspx,"CMS 6"
http://design.dep.no/util/login.aspx,"CMS 6"
http://designarkiv.com/util/login.aspx,"CMS 5"
http://designarkiv.net/util/login.aspx,"CMS 5"
http://designarkiv.org/util/login.aspx,"CMS 5"
http://designarkiv.se/util/login.aspx,"CMS 6"
http://designforalleurope.org/util/login.aspx,"CMS 4"
http://dexion.be/util/login.aspx,"CMS 6"
http://dexion.co.uk/util/login.aspx,"Check this manualy (302)"
http://dexion.com/util/login.aspx,"CMS 6"
http://dexion.de/util/login.aspx,"CMS 6"
http://dexion.hu/util/login.aspx,"CMS 6"
http://dexion.ro/util/login.aspx,"CMS 6"
http://dexion.sk/util/login.aspx,"CMS 6"
http://dexionpolska.pl/util/login.aspx,"CMS 6"
http://dia.wa.gov.au/util/login.aspx,"CMS 6"
http://diabetes.org.uk/util/login.aspx,"CMS 5"
http://diabetesaustralia.com.au/util/login.aspx,"CMS 6"
http://diabetesfonden.se/util/login.aspx,"CMS 5"
http://diana-maria.eu/util/login.aspx,"Not EPiServer"
http://www.diasporalink.eu/util/login.aspx,"CMS 5"
http://dibk.no/util/login.aspx,"CMS 6"
http://digia.com/util/login.aspx,"CMS 6"
https://www.dina.se/util/login.aspx,"CMS 5"
http://dinel.se/util/login.aspx,"CMS 6"
http://dinsakerhet.se/util/login.aspx,"Check this manualy (302)"
http://diskrimineringsombudsmannen.com/util/login.aspx,"CMS 6"
http://diskrimineringsombudsmannen.eu/util/login.aspx,"CMS 6"
http://www.musiccenter.org/util/login.aspx,"CMS 6"
http://www.dittapotek.no/util/login.aspx,"CMS 5"
http://www.dittgavekort.no/util/login.aspx,"CMS 6"
http://www.dno.no/util/login.aspx,"CMS 6"
http://do.se/util/login.aspx,"CMS 6"
http://dominion-funds.com/util/login.aspx,"CMS 6"
http://www.domstol.no/util/login.aspx,"CMS 6"
http://domstol.se/util/login.aspx,"CMS 5"
http://www.doorway.no/util/login.aspx,"CMS 6"
http://www.doro.ch/util/login.aspx,"CMS 6"
http://www.doro.co.nz/util/login.aspx,"CMS 6"
http://www.doro.co.uk/util/login.aspx,"CMS 6"
http://www.doro.com.au/util/login.aspx,"CMS 6"
http://www.doro.com/util/login.aspx,"CMS 6"
http://www.doro.dk/util/login.aspx,"CMS 6"
http://www.doro.fi/util/login.aspx,"CMS 6"
http://www.doro.fr/util/login.aspx,"CMS 6"
http://www.doro.hk/util/login.aspx,"CMS 6"
http://www.doro.ie/util/login.aspx,"CMS 6"
http://www.doro.no/util/login.aspx,"CMS 6"
http://www.doro.se/util/login.aspx,"CMS 6"
http://www.dorobelgium.be/util/login.aspx,"CMS 6"
http://www.dorocanada.com/util/login.aspx,"CMS 6"
http://www.dorodeutschland.de/util/login.aspx,"CMS 6"
http://www.doroespana.es/util/login.aspx,"CMS 6"
http://www.doroitaly.it/util/login.aspx,"CMS 6"
http://www.doronederland.nl/util/login.aspx,"CMS 6"
http://www.doroosterreich.at/util/login.aspx,"CMS 6"
http://www.dorousa.us/util/login.aspx,"CMS 6"
http://dowse.org.nz/util/login.aspx,"CMS 6"
http://drammen.kommune.no/util/login.aspx,"Check this manualy (302)"
http://drangedal.kommune.no/util/login.aspx,"CMS 6"
http://drm.no/util/login.aspx,"Check this manualy (302)"
http://drycool.com/util/login.aspx,"CMS 6"
http://drycool.net/util/login.aspx,"CMS 6"
http://www.drypers.com.my,"CMS 5"
http://drypers.com.ph/util/login.aspx,"CMS 5"
http://drypers.com.sg/util/login.aspx,"Check this manualy (302)"
http://du.se/util/login.aspx,"CMS 6"
http://dublinbus.ie/util/login.aspx,"CMS 6"
http://dynapac.co.uk/util/login.aspx,"Not EPiServer"
http://dynapac.com/util/login.aspx,"CMS 5"
http://dynapac.jp/util/login.aspx,"Not EPiServer"
http://e-legitimation.se/util/login.aspx,"CMS 4"
http://e-skills.com/util/login.aspx,"Check this manualy (302)"
http://e2mpi.com/util/login.aspx,"CMS 6"
http://www.eastcoast.co.uk/util/login.aspx,"CMS 6"
http://ebfa.se/util/login.aspx,"CMS 4"
http://ecutbildning.se/util/login.aspx,"CMS 6"
http://edenred.se/util/login.aspx,"Check this manualy (302)"
http://edicom.com/util/login.aspx,"CMS 5"
http://www.begroup.com/sv/BE-Group-sverige/util/login.aspx,"Not EPiServer"
http://efaktura.no/util/login.aspx,"Not EPiServer"
http://www.egmontkarnan.se/util/login.aspx,"CMS 5"
http://egnahemsbolaget.se/util/login.aspx,"CMS 5"
http://einarmattsson.se/util/login.aspx,"CMS 6"
http://ejtn.net/util/login.aspx,"CMS 5"
http://ekopark.org/util/login.aspx,"CMS 6"
http://ekoparker.com/util/login.aspx,"CMS 6"
http://ekoparker.org/util/login.aspx,"CMS 6"
http://eksportaktuelt.no/util/login.aspx,"CMS 4"
http://elanders.com/util/login.aspx,"Check this manualy (302)"
http://www.elanders.com/swe/util/login.aspx,"Check this manualy (302)"
http://electrolux-professional.com/util/login.aspx,"Not EPiServer"
http://www.electrolux-rex.it/util/login.aspx,"CMS 6"
http://www.electrolux.at/util/login.aspx,"CMS 6"
http://www.electrolux.be/util/login.aspx,"CMS 6"
http://www.electrolux.com.cn/util/login.aspx,"CMS 6"
http://electrolux.co.jp/util/login.aspx,"Not EPiServer"
http://www.electrolux.co.nz/util/login.aspx,"CMS 6"
http://www.electrolux.co.uk/util/login.aspx,"CMS 6"
http://www.electrolux.com.au/util/login.aspx,"CMS 6"
http://www.electrolux.com.cn/util/login.aspx,"CMS 6"
http://www.electrolux.com.sg/util/login.aspx,"CMS 6"
http://www.electrolux.com.tr/util/login.aspx,"CMS 6"
http://electrolux.com.ve/util/login.aspx,"Not EPiServer"
http://www.electrolux.cz/util/login.aspx,"CMS 6"
http://www.electrolux.de/util/login.aspx,"CMS 6"
http://www.electrolux.dk/util/login.aspx,"CMS 6"
http://www.electrolux.ee/util/login.aspx,"CMS 6"
http://www.electrolux.es/util/login.aspx,"CMS 6"
http://www.electrolux.fi/util/login.aspx,"CMS 6"
http://www.electrolux.fr/util/login.aspx,"CMS 6"
http://www.electrolux.hr/util/login.aspx,"CMS 6"
http://www.electrolux.hu/util/login.aspx,"CMS 6"
http://www.electrolux.it/util/login.aspx,"CMS 6"
http://www.electrolux.lt/util/login.aspx,"CMS 6"
http://www.electrolux.lu/util/login.aspx,"CMS 6"
http://www.electrolux.lv/util/login.aspx,"CMS 6"
http://www.electrolux.nl/util/login.aspx,"CMS 6"
http://www.electrolux.no/util/login.aspx,"CMS 6"
http://www.electrolux.pl/util/login.aspx,"CMS 6"
http://www.electrolux.pt/util/login.aspx,"CMS 6"
http://www.electrolux.ro/util/login.aspx,"CMS 6"
http://www.electrolux.ru/util/login.aspx,"CMS 6"
http://www.electrolux.se/util/login.aspx,"CMS 6"
http://www.electrolux.si/util/login.aspx,"CMS 6"
http://www.electrolux.sk/util/login.aspx,"CMS 6"
http://www.electrolux.ua/util/login.aspx,"CMS 6"
http://www.electrolux.fr/util/login.aspx,"CMS 6"
http://electroluxdesignlab.com/util/login.aspx,"Check this manualy (302)"
http://elektro-helios.se/util/login.aspx,"Check this manualy (302)"
http://www.elektrohelios.se/util/login.aspx,"CMS 6"
http://www.elkedjan.se/util/login.aspx,"CMS 6"
http://elkem.com/util/login.aspx,"CMS 6"
http://elmia.se/util/login.aspx,"CMS 6"
http://www.elsakerhetsverket.se/util/login.aspx,"CMS 6"
http://www.elsakerhetsverket.se/util/login.aspx,"CMS 6"
http://emilhamlin.se/util/login.aspx,"Not EPiServer"
http://emmaboda.se/util/login.aspx,"CMS 4"
http://emmaus.vic.edu.au/util/login.aspx,"CMS 6"
http://emotron.com/util/login.aspx,"CMS 6"
http://emotron.de/util/login.aspx,"CMS 6"
http://emotron.es/util/login.aspx,"CMS 6"
http://emotron.nl/util/login.aspx,"CMS 6"
http://emotron.se/util/login.aspx,"CMS 6"
http://emsmaintenance.se/util/login.aspx,"Check this manualy (302)"
http://enbokforalla.se/util/login.aspx,"CMS 4"
http://www.northshore.org/util/login.aspx,"CMS 6"
http://eninorge.com/util/login.aspx,"Check this manualy (302)"
http://www.eniro.se/118118/util/login.aspx,"Not EPiServer"
http://enironorge.no/util/login.aspx,"Check this manualy (302)"
http://entreprenorservice.no/util/login.aspx,"CMS 5"
http://envirotainer.com/util/login.aspx,"CMS 6"
http://eografiska.com/util/login.aspx,"Not EPiServer"
http://epinova.no/util/login.aspx,"Check this manualy (301)"
http://episerver.com/util/login.aspx,"CMS 6"
http://episerver.no/util/login.aspx,"CMS 6"
http://episerver.se/util/login.aspx,"CMS 6"
http://www.erdetfarlig.no/util/login.aspx,"CMS 6"
http://ericssonhistory.com/util/login.aspx,"CMS 6"
http://erieye.com/util/login.aspx,"CMS 5"
http://erieye.eu/util/login.aspx,"CMS 5"
http://erikolsson.se/util/login.aspx,"CMS 6"
http://ersta.se/util/login.aspx,"CMS 6"
http://erstacare.com/util/login.aspx,"CMS 6"
http://erstadiakoni.com/util/login.aspx,"CMS 6"
http://erstadiakoni.eu/util/login.aspx,"CMS 6"
http://erstadiakoni.se/util/login.aspx,"CMS 6"
http://espad.org/util/login.aspx,"CMS 6"
http://espalifeatcorinthialondon.co.uk/util/login.aspx,"CMS 6"
http://espalifeatcorinthialondon.com/util/login.aspx,"CMS 6"
http://esri.se/util/login.aspx,"CMS 6"
http://essve.com/util/login.aspx,"CMS 6"
http://estatiaresort.no/util/login.aspx,"CMS 6"
http://esv.se/util/login.aspx,"CMS 6"
http://etac.com/util/login.aspx,"CMS 6"
http://etac.de/util/login.aspx,"CMS 6"
http://etac.se/util/login.aspx,"CMS 6"
http://www.etikkom.no,"CMS 5"
http://www.eu-patient.eu,"CMS 5"
http://www.eunethta.eu/util/login.aspx,"Not EPiServer"
http://www.eurestkonferanse.no/util/login.aspx,"CMS 6"
http://www.euroasc.vic.edu.au/util/login.aspx,"Not EPiServer"
https://www.luottokunta.fi/util/login.aspx,"CMS 6"
http://euroluxfragrances.com/util/login.aspx,"Not EPiServer"
http://euronova.no/util/login.aspx,"CMS 5"
http://europeanshoppingbaskets.eu/util/login.aspx,"CMS 4"
http://euroskilt.no/util/login.aspx,"CMS 6"
http://evapcooling.com/util/login.aspx,"CMS 6"
http://events-at.com/util/login.aspx,"CMS 6"
http://www.exfo.com/util/login.aspx,"CMS 6"
http://expo2010.no/util/login.aspx,"CMS 5"
http://expresseglare.nu/util/login.aspx,"CMS 6"
http://exseromagazine.com/util/login.aspx,"CMS 5"
http://fagskolen.gjovik.no/util/login.aspx,"CMS 6"
http://www.familienettet.no/util/login.aspx,"CMS 6"
http://www.familjendafgard.se/util/login.aspx,"CMS 6"
http://www.familyliving.se,"CMS 5"
http://far.se/util/login.aspx,"CMS 6"
http://www.farakademi.se/util/login.aspx,"CMS 6"
http://www.fas.se/util/login.aspx,"CMS 5"
http://www.faure.com/util/login.aspx,"CMS 6"
http://fearnley-fonds.com/util/login.aspx,"CMS 4"
http://fearnleyfonds.com/util/login.aspx,"CMS 4"
http://fearnleysecurities.com/util/login.aspx,"CMS 4"
http://ffo.no/util/login.aspx,"CMS 4"
http://www.fultonhogan.com/util/login.aspx,"CMS 6"
http://fi.se/util/login.aspx,"Check this manualy (302)"
http://fieldmarketing.com.au/util/login.aspx,"CMS 5"
http://film2home.fi/util/login.aspx,"Check this manualy (302)"
http://www.film2home.no/util/login.aspx,"CMS 4"
http://www.film2home.se/util/login.aspx,"CMS 4"
http://www.filmmagasinet.no,"CMS 5"
http://www.finanstilsynet.no/util/login.aspx,"CMS 5"
http://www.findexaforlag.no,"CMS 5"
http://finndomohem.se/util/login.aspx,"Check this manualy (302)"
http://www.finnmatkat.fi/util/login.aspx,"CMS 4"
http://firkloveren.dk/util/login.aspx,"CMS 4"
http://firkloveren.no/util/login.aspx,"Not EPiServer"
http://first-logarska.si/util/login.aspx,"Not EPiServer"
http://www.firststage.org/util/login.aspx,"CMS 6"
http://www.fiskarhedenvillan.no/util/login.aspx,"CMS 5"
http://www.fiskarhedenvillan.se/util/login.aspx,"CMS 5"
http://fjallbrynt.se/util/login.aspx,"CMS 5"
http://fjallsakerhetsradet.se/util/login.aspx,"CMS 6"
http://fjl.se/util/login.aspx,"CMS 6"
http://flaa.kommune.no/util/login.aspx,"CMS 6"
http://flemingsberg.se/util/login.aspx,"CMS 6"
http://flexator.se/util/login.aspx,"CMS 6"
http://www.flexit.no/util/login.aspx,"CMS 6"
http://flightsdublin.com/util/login.aspx,"Not EPiServer"
http://flintvolley.no/util/login.aspx,"CMS 5"
http://florida.legoland.com/util/login.aspx,"CMS 6"
http://flygplatsreklam.com/util/login.aspx,"Check this manualy (302)"
http://fmv.se/util/login.aspx,"Check this manualy (302)"
http://foi.se/util/login.aspx,"CMS 6"
http://fokuskvinner.no/util/login.aspx,"Check this manualy (302)"
https://www.folkia.se/util/login.aspx,"CMS 6"
HTTP://www.folkspel.se/util/login.aspx,"CMS 5"
http://folktandvarden-gavleborg.com/util/login.aspx,"CMS 6"
http://folktandvardengavleborg.com/util/login.aspx,"CMS 6"
http://folktandvardengavleborg.se/util/login.aspx,"CMS 6"
http://follo.no/util/login.aspx,"CMS 6"
http://force.org/util/login.aspx,"CMS 6"
http://foretagarna.se/util/login.aspx,"Check this manualy (302)"
http://foretagarskolan.se/util/login.aspx,"CMS 6"
http://www.fornebulandet.no,"CMS 5"
http://forsakringsnamnder.se/util/login.aspx,"CMS 4"
http://forskerforbundet.no/util/login.aspx,"CMS 4"
http://www.forsvarsbygg.no/util/login.aspx,"CMS 6"
http://www.forsvarsmakten.se/util/login.aspx,"Check this manualy (302)"
http://fortiva.se/util/login.aspx,"CMS 6"
http://forus-travbane.no/util/login.aspx,"Check this manualy (302)"
http://www.fosterhjem.no/util/login.aspx,"CMS 6"
http://www.framtiden.se/util/login.aspx,"CMS 5"
http://fredrikstad.kommune.no/util/login.aspx,"Check this manualy (302)"
http://freezaire.com/util/login.aspx,"CMS 6"
https://www.frende.no/util/login.aspx,"CMS 6"
http://fresenius-kabi.no/util/login.aspx,"CMS 6"
http://friggs.se/util/login.aspx,"Check this manualy (302)"
http://www.fritidsresor.se/util/login.aspx,"CMS 4"
http://frogn.kommune.no/util/login.aspx,"Not EPiServer"
http://www.froland.kommune.no/util/login.aspx,"CMS 6"
http://ftvuppsala.se/util/login.aspx,"Check this manualy (302)"
http://fultonhogan.com/util/login.aspx,"Check this manualy (302)"
http://www.funkanu.com/util/login.aspx,"CMS 6"
http://funkaportalen.se/util/login.aspx,"CMS 4"
http://funkisbyran.se/util/login.aspx,"CMS 5"
http://www.furst.no/util/login.aspx,"CMS 6"
http://futurecitiesevent.com/util/login.aspx,"CMS 5"
http://futurecitiesevent.info/util/login.aspx,"Not EPiServer"
http://www.informasaudiarabia.com/,"CMS 5"
http://futureretail.info/util/login.aspx,"Not EPiServer"
http://g-sport.no/util/login.aspx,"CMS 6"
http://gac.com/util/login.aspx,"CMS 4"
http://gardstensbostader.se/util/login.aspx,"CMS 5"
http://www.garv.se/util/login.aspx,"CMS 4"
http://gascooling.com/util/login.aspx,"CMS 6"
http://gavleconventionbureau.com/util/login.aspx,"CMS 5"
https://gebyrfri.santanderkredittkort.no/util/login.aspx,"CMS 5"
https://gebyrfri.santanderkort.no/util/login.aspx,"Check this manualy (302)"
http://www.geiloskisenter.no/util/login.aspx,"CMS 6"
http://gelia.se/util/login.aspx,"CMS 4"
http://gellivare.se/util/login.aspx,"CMS 6"
http://gemoneybank.dk/util/login.aspx,"CMS 6"
http://www.bink.se/util/login.aspx,"CMS 6"
http://www.geno.no/util/login.aspx,"CMS 6"
http://www.genoglobal.no/util/login.aspx,"CMS 6"
http://geodata.no/util/login.aspx,"CMS 6"
http://geogroup.no/util/login.aspx,"CMS 6"
http://geoinsight.no/util/login.aspx,"CMS 6"
http://www.get-updated.com,"CMS 5"
http://www.getupdatedim.com,"CMS 5"
http://gfe-event.com/util/login.aspx,"CMS 5"
http://www.goteborgfriidrott.se/util/login.aspx,"Check this manualy (302)"
http://gfmf-nbad.com/util/login.aspx,"CMS 5"
http://gianteagleexpress.com/util/login.aspx,"Not EPiServer"
http://gielas.com/util/login.aspx,"CMS 6"
http://gielas.se/util/login.aspx,"CMS 6"
http://gih.se/util/login.aspx,"CMS 6"
http://www.gillinge.se/util/login.aspx,"CMS 6"
http://gimme-5.info/util/login.aspx,"Check this manualy (302)"
http://giraffe.eu/util/login.aspx,"CMS 5"
http://gjensidige.se/util/login.aspx,"CMS 4"
http://glasdek.com/util/login.aspx,"CMS 6"
http://www.glasriket.se/util/login.aspx,"CMS 5"
http://www.clientcomputing.com/de/util/login.aspx,"Check this manualy (302)"
http://www.glocalnet.se/util/login.aspx,"Not EPiServer"
http://gmax.no/util/login.aspx,"Check this manualy (302)"
http://gner.co.uk/util/login.aspx,"Not EPiServer"
http://gnertickets.co.uk/util/login.aspx,"Not EPiServer"
http://www.gocitygirl.com,"CMS 5"
http://gol.kommune.no/util/login.aspx,"CMS 6"
http://gonordic.com/util/login.aspx,"CMS 5"
http://www.goodmantheatre.org/util/login.aspx,"CMS 6"
http://gorenjegostinstvo.si/util/login.aspx,"Not EPiServer"
http://gotahovratt.se/util/login.aspx,"CMS 5"
http://goteborgsvarvet.com/util/login.aspx,"Check this manualy (302)"
http://goteborgsvarvet.se/util/login.aspx,"Check this manualy (302)"
http://grabiq.com/util/login.aspx,"CMS 5"
http://grace.wa.edu.au/util/login.aspx,"CMS 6"
http://gran.kommune.no/util/login.aspx,"CMS 6"
http://grandcuisine.com/util/login.aspx,"Check this manualy (301)"
http://greenecopro.com/util/login.aspx,"Not EPiServer"
http://grette.no/util/login.aspx,"CMS 5"
http://www.grimstad.kommune.no/util/login.aspx,"CMS 6"
http://gripen.biz/util/login.aspx,"CMS 5"
http://gripen.info/util/login.aspx,"CMS 5"
http://gripen.us/util/login.aspx,"CMS 5"
http://gripenfanclub.com/util/login.aspx,"CMS 5"
http://gripenfighter.com/util/login.aspx,"CMS 5"
http://gripengallery.com/util/login.aspx,"CMS 5"
http://gripenpilot.com/util/login.aspx,"CMS 5"
http://gripenshop.com/util/login.aspx,"CMS 5"
http://gro.se/util/login.aspx,"Check this manualy (302)"
http://grupabryksy.com/util/login.aspx,"CMS 5"
http://grupabryksy.eu/util/login.aspx,"CMS 5"
http://gs1.se/util/login.aspx,"CMS 4"
http://gsport.no/util/login.aspx,"CMS 6"
http://www.guldpriset.nu/util/login.aspx,"CMS 6"
http://gulftraffic.com/util/login.aspx,"CMS 5"
http://gunnebofastening.de/util/login.aspx,"CMS 5"
http://gunnebofastening.pl/util/login.aspx,"CMS 5"
http://gunneboindustrier.com/util/login.aspx,"CMS 5"
http://gunneboindustrier.no/util/login.aspx,"CMS 5"
http://gunneboindustries.co.uk/util/login.aspx,"CMS 5"
http://www.gunneboindustries.com/util/login.aspx,"CMS 5"
http://gunneboindustries.pl/util/login.aspx,"CMS 5"
http://gunnebononskid.com/util/login.aspx,"CMS 5"
http://www.gwp.org/util/login.aspx,"CMS 6"
http://gymnasiekvalitet.se/util/login.aspx,"CMS 5"
http://gymnasiumskovde.se/util/login.aspx,"CMS 6"
http://www.haatjajuhlat.fi/util/login.aspx,"CMS 6"
http://habo.se/util/login.aspx,"CMS 6"
http://halcrow.co.uk/util/login.aspx,"CMS 5"
http://halcrow.com/util/login.aspx,"CMS 5"
http://hallins.com/util/login.aspx,"CMS 4"
http://hameenlinna.fi/util/login.aspx,"CMS 4"
http://hammaro.se/util/login.aspx,"CMS 5"
http://www.handboll.info/util/login.aspx,"CMS 6"
http://handelnshistoria.se/util/login.aspx,"CMS 6"
http://handicare.dk/util/login.aspx,"CMS 5"
http://handicare.be/util/login.aspx,"CMS 5"
http://handicare.ca/util/login.aspx,"CMS 5"
http://handicare.com/util/login.aspx,"CMS 5"
http://handicare.de/util/login.aspx,"CMS 5"
http://handicare.dk/util/login.aspx,"CMS 5"
http://handicare.fr/util/login.aspx,"CMS 5"
http://handicare.no/util/login.aspx,"CMS 5"
http://handicare.se/util/login.aspx,"CMS 5"
http://handicareusa.com/util/login.aspx,"Check this manualy (302)"
http://handikappidrott.se/util/login.aspx,"CMS 6"
http://handlarn.se/util/login.aspx,"CMS 5"
http://haninge.se/util/login.aspx,"CMS 6"
http://harstadtravpark.no/util/login.aspx,"Check this manualy (302)"
http://www.hospitalbuild-russia.com/util/login.aspx,"CMS 5"
http://hdnl.co.uk/util/login.aspx,"CMS 5"
http://helgelandskraft.no/util/login.aspx,"CMS 5"
http://helgkraft.no/util/login.aspx,"CMS 5"
http://www.help.no/util/login.aspx,"CMS 6"
http://www.helse-mr.no/util/login.aspx,"CMS 6"
http://helsekostopplysningen.no/util/login.aspx,"CMS 6"
http://hemmetsjournal.se/util/login.aspx,"CMS 6"
http://www.hemochantik.se,"CMS 5"
http://hemsedal.kommune.no/util/login.aspx,"CMS 6"
http://hendesverden.dk/util/login.aspx,"CMS 6"
http://hermods.se/util/login.aspx,"CMS 6"
http://herognu.com/util/login.aspx,"CMS 6"
http://hestegalla.no/util/login.aspx,"Check this manualy (302)"
http://heyerdahl-institute.no/util/login.aspx,"CMS 6"
http://www.hfab.se/util/login.aspx,"CMS 6"
http://hi.se/util/login.aspx,"CMS 5"
http://hill-romhub.com/util/login.aspx,"CMS 6"
http://historiska.se/util/login.aspx,"CMS 4"
http://hjallbobostaden.goteborg.se/util/login.aspx,"Not EPiServer"
http://hjemmet.dk/util/login.aspx,"CMS 6"
http://www.hjemmet.no/util/login.aspx,"CMS 6"
http://hjertelighilsen.no/util/login.aspx,"Check this manualy (302)"
http://hjo.se/util/login.aspx,"CMS 6"
http://hl-display.com/util/login.aspx,"Check this manualy (301)"
http://hlf.no/util/login.aspx,"CMS 5"
http://hoe.ioko.com/util/login.aspx,"CMS 4"
http://hogskolekvalitet.se/util/login.aspx,"CMS 5"
http://hogstadomstolen.se/util/login.aspx,"CMS 5"
http://hol.kommune.no/util/login.aspx,"CMS 6"
http://www.holmbergs.com/util/login.aspx,"CMS 5"
http://holmen.com/util/login.aspx,"Check this manualy (301)"
http://www.homeshop.se/util/login.aspx,"CMS 6"
http://www.do.se,"CMS 5"
http://hondamc.com/util/login.aspx,"CMS 4"
http://hondamc.se/util/login.aspx,"CMS 4"
http://hospitalbuild-me.com/util/login.aspx,"CMS 5"
http://hospitalbuild-turkey.com/util/login.aspx,"CMS 5"
http://houseofsweden.com/util/login.aspx,"CMS 5"
http://www.hq.se/util/login.aspx,"CMS 4"
http://hrf.se/util/login.aspx,"CMS 4"
http://hrsummitcairo.com/util/login.aspx,"Not EPiServer"
http://hso.se/util/login.aspx,"CMS 6"
http://hultsfred.se/util/login.aspx,"Check this manualy (302)"
http://www.humana.se/util/login.aspx,"CMS 6"
http://humanistiskungdom.no/util/login.aspx,"CMS 4"
http://humicool.com/util/login.aspx,"CMS 6"
http://humiditycontrolunit.com/util/login.aspx,"CMS 6"
http://humlegarden.se/util/login.aspx,"CMS 5"
http://hundarutanhem.se/util/login.aspx,"CMS 4"
http://www.huntingtontheatre.org/util/login.aspx,"CMS 6"
http://www.hurtigruten.com/,"Check this manualy (302)"
http://www.hurtigruten.com/util/login.aspx,"CMS 6"
http://www.hurtigruten.com/,"Check this manualy (302)"
http://www.hurtigruten.com/,"Check this manualy (302)"
http://www.hurtigruten.com/,"Check this manualy (302)"
http://www.hurtigruten.com/,"Check this manualy (302)"
http://hus-bolig.com/util/login.aspx,"CMS 6"
http://hus-og-bolig.com/util/login.aspx,"CMS 6"
http://huseierne.no/util/login.aspx,"Check this manualy (302)"
http://www.husmanhagberg.se/util/login.aspx,"CMS 5"
http://www.husqvarna-electrolux.se/util/login.aspx,"CMS 6"
http://huttcity.govt.nz/util/login.aspx,"CMS 6"
http://huttcity.info/util/login.aspx,"CMS 6"
http://hvaler.kommune.no/util/login.aspx,"CMS 6"
http://www.hydro.com/util/login.aspx,"CMS 6"
http://hyresnamnden.se/util/login.aspx,"CMS 5"
http://hyvinkaa.fi/util/login.aspx,"CMS 4"
http://icjr-me.com/util/login.aspx,"CMS 5"
http://icuregswe.org/util/login.aspx,"CMS 6"
http://idrottonline.se/util/login.aspx,"Check this manualy (302)"
http://iec-app.com/util/login.aspx,"Not EPiServer"
http://ifau.se/util/login.aspx,"CMS 6"
http://igb.eu/util/login.aspx,"CMS 6"
http://iirme.com/util/login.aspx,"CMS 5"
http://www.ikanobostad.se/util/login.aspx,"CMS 6"
http://www.ikanofastigheter.se/util/login.aspx,"CMS 6"
http://ikanoforsakring.se/util/login.aspx,"CMS 6"
http://www.bink.se/Annonsinfo,"Check this manualy (302)"
http://ilrecycling.com/util/login.aspx,"CMS 6"
http://www.imano.se/util/login.aspx,"CMS 6"
http://incit.se/util/login.aspx,"CMS 6"
http://informa-africa.com/util/login.aspx,"CMS 5"
http://informaexhibitions.com/util/login.aspx,"CMS 5"
http://informalifesciences.com/util/login.aspx,"CMS 5"
http://informasaudiarabia.com/util/login.aspx,"CMS 5"
http://ingenjorsamfundet.se/util/login.aspx,"CMS 6"
http://innovasjonnorge.no/util/login.aspx,"CMS 5"
http://www.interpares.se/util/login.aspx,"CMS 6"
http://intersport.no/util/login.aspx,"Check this manualy (302)"
http://www.interxion.com/util/login.aspx,"CMS 6"
http://www.inwear.com,"Check this manualy (302)"
http://iof2.idrottonline.se/util/login.aspx,"CMS 6"
http://iof4.idrottonline.se/util/login.aspx,"CMS 6"
http://ipraktikenhogskola.se/util/login.aspx,"CMS 5"
http://ipsennordic.com/util/login.aspx,"CMS 6"
http://isgotafriidrott.se/util/login.aspx,"Not EPiServer"
http://issolutions.co.in/util/login.aspx,"CMS 5"
http://www.issolutions.co.uk/util/login.aspx,"CMS 5"
http://itab-germany.de/util/login.aspx,"CMS 5"
http://itab.hu/util/login.aspx,"CMS 5"
http://itabscanflow.com/util/login.aspx,"CMS 5"
http://itabuk.com/util/login.aspx,"CMS 5"
http://itera.dk/util/login.aspx,"CMS 6"
http://itera.no/util/login.aspx,"CMS 6"
http://iteraasa.com/util/login.aspx,"CMS 6"
http://iteraconsulting.com.ua/util/login.aspx,"CMS 6"
http://iteraconsulting.com/util/login.aspx,"CMS 6"
http://iteraconsulting.dk/util/login.aspx,"CMS 6"
http://iteraconsulting.no/util/login.aspx,"CMS 6"
http://iteraconsulting.se/util/login.aspx,"CMS 6"
http://iteraconsulting.us/util/login.aspx,"CMS 6"
http://www.iteragazette.no/util/login.aspx,"CMS 5"
http://iteranetworks.no/util/login.aspx,"CMS 6"
http://iteranetworks.se/util/login.aspx,"CMS 6"
http://itrim.se/util/login.aspx,"CMS 6"
http://itskillsacademy.ac.uk/util/login.aspx,"Check this manualy (302)"
http://ivss.se/util/login.aspx,"CMS 4"
http://izdeharsme.com/util/login.aspx,"CMS 5"
http://jagareforbundet.se/util/login.aspx,"CMS 6"
http://www.do.se,"CMS 5"
http://www.jamtkraft.se/util/login.aspx,"CMS 5"
http://www.janusinfo.se/util/login.aspx,"CMS 6"
http://jarlsberg-travbane.no/util/login.aspx,"CMS 6"
http://www.jisc-collections.ac.uk/util/login.aspx,"CMS 5"
http://jo.se/util/login.aspx,"CMS 6"
http://jobb.sll.se/util/login.aspx,"CMS 5"
http://www.jocolibrary.org/kids,"Check this manualy (301)"
http://joker.no/util/login.aspx,"CMS 5"
http://www.jordan.nl/util/login.aspx,"CMS 6"
http://www.jordan.no/util/login.aspx,"CMS 6"
http://jotul.com/util/login.aspx,"Not EPiServer"
http://jotuldealer.com/util/login.aspx,"CMS 6"
http://jotulextranet.com/util/login.aspx,"CMS 6"
http://joustolaina.fi/util/login.aspx,"Check this manualy (302)"
http://jumbosupermarkten.nl/util/login.aspx,"CMS 6"
http://www.juno-electrolux.at/util/login.aspx,"Check this manualy (302)"
http://www.juno-electrolux.de/util/login.aspx,"CMS 6"
http://www.juristforbundet.no,"CMS 5"
http://juristkontakt.no/util/login.aspx,"Check this manualy (302)"
http://jusektidningen.net/util/login.aspx,"CMS 6"
http://jusektidningen.se/util/login.aspx,"CMS 6"
http://kaffehuset.com/util/login.aspx,"CMS 6"
http://kajaani.fi/util/login.aspx,"CMS 4"
http://kalix.se/util/login.aspx,"CMS 4"
http://kallaxflygplats.com/util/login.aspx,"Check this manualy (302)"
http://www.kalmar.com/util/login.aspx,"CMS 5"
http://karlsborg.se/util/login.aspx,"CMS 6"
http://karlskrona.se/util/login.aspx,"CMS 5"
http://karlstadselnat.se/util/login.aspx,"CMS 6"
http://www.karlstadsenergi.se/util/login.aspx,"CMS 6"
http://www.karolinska.se/util/login.aspx,"CMS 5"
http://kasten-storage.com/util/login.aspx,"CMS 6"
http://kasten.fi/util/login.aspx,"CMS 6"
http://katrineholm.se/util/login.aspx,"CMS 6"
http://kentstreetshs.wa.edu.au/util/login.aspx,"CMS 6"
http://kf-fastigheter.com/util/login.aspx,"CMS 4"
http://www.coop.se/Globala-sidor/OmKF/,"CMS 5"
http://kfsgymnasium.org/util/login.aspx,"CMS 4"
http://kil.se/util/login.aspx,"CMS 6"
http://kinnevik.se/util/login.aspx,"CMS 5"
http://www.kirkensnodhjelp.no/util/login.aspx,"CMS 6"
http://kith.no/util/login.aspx,"CMS 4"
http://kitron.com/util/login.aspx,"CMS 6"
http://kiwi.no/util/login.aspx,"CMS 5"
http://kjeldsberg.no/util/login.aspx,"CMS 5"
http://kkv.no/util/login.aspx,"CMS 6"
http://www.klif.no/util/login.aspx,"CMS 6"
http://www.klimakur.no/util/login.aspx,"CMS 6"
http://klosterskogen.no/util/login.aspx,"Check this manualy (302)"
http://klt.se/util/login.aspx,"CMS 5"
http://www.knowit.fi/util/login.aspx,"CMS 6"
http://www.knowit.no/util/login.aspx,"CMS 6"
http://www.knowit.se/util/login.aspx,"CMS 6"
http://www.knowitgroup.com/util/login.aspx,"CMS 6"
http://kobbs.se/util/login.aspx,"CMS 5"
http://kolmarden.com/util/login.aspx,"CMS 5"
http://kommun.kiruna.se/util/login.aspx,"Check this manualy (301)"
http://kommunal.se/util/login.aspx,"Check this manualy (302)"
http://kommunetorget.no/util/login.aspx,"CMS 5"
http://konecraneslifttrucks.com/util/login.aspx,"CMS 4"
http://konecraneslifttrucks.se/util/login.aspx,"CMS 4"
http://www.konfirmationsthlm.se/util/login.aspx,"Not EPiServer"
http://www.konfirmationsthlm.se/util/login.aspx,"Not EPiServer"
http://www.konfirmationsthlm.se/util/login.aspx,"Not EPiServer"
http://www.konfirmationsthlm.se/util/login.aspx,"Not EPiServer"
http://konfliktraadet.no/util/login.aspx,"CMS 5"
http://kongahallacenter.com/util/login.aspx,"CMS 4"
http://kongsberg-automotive.biz/util/login.aspx,"CMS 5"
http://kongsberg-automotive.co.uk/util/login.aspx,"CMS 5"
http://kongsberg-automotive.com/util/login.aspx,"CMS 5"
http://kongsberg-automotive.de/util/login.aspx,"CMS 5"
http://kongsberg-automotive.net/util/login.aspx,"CMS 5"
http://kongsberg-automotive.no/util/login.aspx,"CMS 5"
http://kongsberg.kommune.no/util/login.aspx,"Not EPiServer"
http://kongsbergautomotive.biz/util/login.aspx,"CMS 5"
http://kongsbergautomotive.com/util/login.aspx,"CMS 5"
http://kongsbergautomotive.de/util/login.aspx,"CMS 5"
http://kongsbergautomotive.net/util/login.aspx,"CMS 5"
http://kongsbergautomotive.no/util/login.aspx,"CMS 5"
http://kongsvinger.kommune.no/util/login.aspx,"CMS 6"
http://kongsvingerregionen.org/util/login.aspx,"Check this manualy (302)"
http://www.konstfack.se/util/login.aspx,"CMS 6"
http://www.konsumenteuropa.se,"CMS 5"
http://www.konsumentverket.se/util/login.aspx,"CMS 6"
http://www.korkort.nu/util/login.aspx,"CMS 6"
http://www.korpen.se/util/login.aspx,"CMS 6"
http://korspahalsen.no/util/login.aspx,"CMS 6"
http://korusnord.no/util/login.aspx,"CMS 5"
http://kpa.se/util/login.aspx,"CMS 6"
http://www.svenskhandelforsakringar.se/util/login.aspx,"CMS 6"
http://kraftinor.no/util/login.aspx,"CMS 5"
http://krav.se/util/login.aspx,"CMS 5"
http://kreftregisteret.no/util/login.aspx,"CMS 5"
http://kristiansand.kommune.no/util/login.aspx,"CMS 6"
http://kroghoptikk.no/util/login.aspx,"CMS 6"
http://kronansdroghandel.se/util/login.aspx,"CMS 6"
http://kronfagel.se/util/login.aspx,"CMS 6"
http://ksdsoftware.com/util/login.aspx,"CMS 5"
http://telekomradgivarna.se/util/login.aspx,"CMS 4"
http://kuling.nu/util/login.aspx,"CMS 5"
http://www.kullanhinta.fi/util/login.aspx,"CMS 6"
http://kulturhusetbanken.no/util/login.aspx,"CMS 4"
http://kulturradet.se/util/login.aspx,"CMS 5"
http://kulturskolansodertalje.se/util/login.aspx,"Check this manualy (302)"
http://kungalvcenter.com/util/login.aspx,"CMS 4"
http://kungsbacka.se/util/login.aspx,"CMS 4"
http://www.kungsfiskaren.se/util/login.aspx,"CMS 6"
http://kungsornen.se/util/login.aspx,"Check this manualy (302)"
http://www6.idrottonline.se/kvarnbybbk-basket/,"CMS 5"
http://www.kystmagasinet.no,"CMS 5"
http://labs.episerver.com/util/login.aspx,"CMS 5"
http://www.lagalatt.se,"Check this manualy (302)"
http://lagenheter.newsec.se/util/login.aspx,"Check this manualy (302)"
http://lagrummet.se/util/login.aspx,"CMS 5"
http://www.lakareutangranser.se/util/login.aspx,"CMS 5"
http://lakerol-arena.com/util/login.aspx,"CMS 5"
http://landkredittbank.no/util/login.aspx,"Check this manualy (301)"
http://landshypotek.se/util/login.aspx,"CMS 5"
http://landvetter.com/util/login.aspx,"Check this manualy (302)"
http://landvetter.net/util/login.aspx,"CMS 6"
http://landvetterflygplats.com/util/login.aspx,"Check this manualy (302)"
http://landvetterflygplats.net/util/login.aspx,"CMS 6"
http://lanekassen.no/util/login.aspx,"CMS 5"
http://lantmannen.se/omlantmannen/util/login.aspx,"Check this manualy (302)"
http://lantmannen.dk/util/login.aspx,"CMS 6"
http://lantmannen.se/util/login.aspx,"CMS 6"
http://www.lantmannenbygglant.se/util/login.aspx,"CMS 6"
http://lantmannenfastigheter.se/util/login.aspx,"CMS 6"
http://lantmannenmaskin.se/util/login.aspx,"CMS 6"
http://lantmateriet.com/util/login.aspx,"CMS 6"
http://lantmateriet.se/util/login.aspx,"CMS 6"
http://www.laopera.com/util/login.aspx,"CMS 6"
http://lararnasakassa.nu/util/login.aspx,"CMS 6"
http://larskepler.com/util/login.aspx,"CMS 6"
http://larvik.kommune.no/util/login.aspx,"CMS 4"
http://lassikaronen.se/util/login.aspx,"CMS 5"
http://lavalla.vic.edu.au/util/login.aspx,"CMS 6"
http://lawsociety.ie/util/login.aspx,"CMS 6"
http://ldo.no/util/login.aspx,"Check this manualy (302)"
http://leafarena.com/util/login.aspx,"CMS 5"
http://leangen.no/util/login.aspx,"Check this manualy (302)"
http://lecreuset.ca/util/login.aspx,"CMS 5"
http://lecreuset.com.cn/util/login.aspx,"Check this manualy (302)"
http://lecreuset.com.hk/util/login.aspx,"CMS 5"
http://lecreuset.com/util/login.aspx,"Not EPiServer"
http://lecreuset.de/util/login.aspx,"CMS 6"
http://www.lecreuset.nl/util/login.aspx,"CMS 5"
http://www.lecreuset.no/util/login.aspx,"CMS 6"
http://www.ledarna.se/util/login.aspx,"CMS 6"
http://www.ledarna.se/util/login.aspx,"CMS 6"
http://www.ledarna.se/util/login.aspx,"CMS 6"
http://www.ledarna.se/util/login.aspx,"CMS 6"
http://www.ledarna.se/util/login.aspx,"CMS 6"
http://www.ledarna.se/util/login.aspx,"CMS 6"
http://www.ledarna.se/util/login.aspx,"CMS 6"
http://www.ledarna.se/util/login.aspx,"CMS 6"
http://www.ledarna.se/util/login.aspx,"CMS 6"
http://legeforeningen.no/util/login.aspx,"CMS 6"
http://www.legejobber.no/util/login.aspx,"CMS 5"
http://www.legoland.co.uk/util/login.aspx,"CMS 6"
http://legoland.com/util/login.aspx,"CMS 5"
http://www.legoland.de/util/login.aspx,"CMS 6"
http://www.legoland.dk/util/login.aspx,"CMS 6"
http://florida.legoland.com/util/login.aspx,"CMS 6"
http://florida.legoland.com/util/login.aspx,"CMS 6"
http://legolandholidays.de/util/login.aspx,"CMS 6"
http://legolandtours.de/util/login.aspx,"Check this manualy (302)"
http://lejonen.se/util/login.aspx,"Check this manualy (302)"
http://www.lekolar.com/no,"Check this manualy (302)"
http://lenvik.kommune.no/util/login.aspx,"CMS 6"
http://lerum.se/util/login.aspx,"CMS 6"
http://levamedkol.com/util/login.aspx,"CMS 4"
http://levanger.kommune.no/util/login.aspx,"CMS 6"
http://lg.se/util/login.aspx,"CMS 6"
http://www.lhl.no/util/login.aspx,"CMS 6"
http://www.libero.dk/util/login.aspx,"CMS 5"
http://www.libero.fi/util/login.aspx,"CMS 5"
http://libero.hu/util/login.aspx,"CMS 5"
http://www.libero.no/util/login.aspx,"CMS 5"
http://www.libero.ru,"CMS 5"
http://www.libero.se/util/login.aspx,"CMS 5"
http://www.liberobaby.it/util/login.aspx,"CMS 5"
http://www.liberoclub.gr,"CMS 5"
http://liberopeaudouce.com.tn/util/login.aspx,"CMS 5"
http://www.liberovaipat.fi/util/login.aspx,"CMS 5"
http://lifesciencesmagazines.com/util/login.aspx,"CMS 5"
http://lifestand.de/util/login.aspx,"CMS 6"
http://lifestand.eu/util/login.aspx,"CMS 6"
http://lifestandusa.com/util/login.aspx,"CMS 6"
http://www.lighterlife.com/util/login.aspx/,"Not EPiServer"
http://lillesand.kommune.no/util/login.aspx,"CMS 6"
http://limetta.se/util/login.aspx,"CMS 6"
http://lio.se/util/login.aspx,"CMS 6"
http://liseberg.se/util/login.aspx,"CMS 6"
http://ljungby.se/util/login.aspx,"Check this manualy (302)"
http://www.lkab.com,"CMS 5"
http://lkab.episerverhosting.com/util/login.aspx,"CMS 6"
http://www.lkabbergbetong.se,"CMS 5"
